{
  "id": "fe7cdc6a-13da-e974-4d65-d8c225e87c8e",
  "name": "Quick Start: Create Live Event",
  "values": [
    {
      "key": "account_id",
      "value": "YOUR_ACCOUNT_ID_HERE",
      "description": "",
      "type": "text",
      "enabled": true
    },
    {
      "key": "api_key",
      "value": "YOUR_LIVE_API_KEY_HERE",
      "description": "",
      "type": "text",
      "enabled": true
    },
    {
      "key": "client_id",
      "value": "YOUE_CMS_API_CLIENT_ID_HERE",
      "description": "",
      "type": "text",
      "enabled": true
    },
    {
      "key": "client_secret",
      "value": "YOUE_CMS_API_CLIENT_SECRET_HERE",
      "description": "",
      "type": "text",
      "enabled": true
    },
    {
      "key": "video_name",
      "value": "SOME_NAME_FOR_YOUR_VIDEO",
      "description": "",
      "type": "text",
      "enabled": true
    },
    {
      "key": "video_id",
      "value": "VIDEO_ID_FROM_THE_RESPONSE_TO_THE_CREATE_VIDEO_REQUEST",
      "description": "",
      "type": "text",
      "enabled": true
    },
    {
      "key": "playback_url",
      "value": "PLAYBACK_URL_FROM_CREATE_LIVE_JOB_RESPONSE",
      "description": "",
      "type": "text",
      "enabled": true
    },
    {
      "key": "access_token_url",
      "value": "https://oauth.brightcove.com/v4/access_token",
      "description": "",
      "type": "text",
      "enabled": true
    }
  ],
  "timestamp": 1511208647695,
  "_postman_variable_scope": "environment",
  "_postman_exported_at": "2017-11-20T20:18:53.117Z",
  "_postman_exported_using": "Postman/5.3.2"
}